{"stats":{"minecraft:dropped":{"minecraft:golden_apple":1},"minecraft:used":{"minecraft:writable_book":1,"minecraft:white_carpet":1,"minecraft:written_book":1,"minecraft:command_block":1,"minecraft:grass_block":1,"minecraft:oak_planks":52,"minecraft:oak_sign":1},"minecraft:custom":{"minecraft:time_since_rest":892,"minecraft:open_chest":2,"minecraft:play_time":9098,"minecraft:sprint_one_cm":3277,"minecraft:walk_one_cm":6158,"minecraft:deaths":3,"minecraft:sneak_time":9,"minecraft:drop":1,"minecraft:jump":38,"minecraft:leave_game":1,"minecraft:time_since_death":871,"minecraft:total_world_time":16205,"minecraft:climb_one_cm":2372,"minecraft:fall_one_cm":685,"minecraft:fly_one_cm":14383},"minecraft:picked_up":{"minecraft:golden_apple":1,"minecraft:oak_planks":3}},"DataVersion":3955}